Phase,Duration,Key Objectives,Deliverables,Team Resources
Foundation Setup,2-3 months,"- Decompose monolithic system
- Implement core microservices
- Develop basic agent management
- Initial infrastructure setup","- Microservices base architecture
- Docker configurations
- Basic agent registration framework
- Preliminary monitoring setup","- 2 Senior Backend Developers
- 1 DevOps Engineer
- 1 System Architect"
Intelligence Layer,3-4 months,"- Advanced task routing
- Capability matching
- Performance tracking
- Intelligent distribution","- Capability tracking system
- Advanced routing algorithms
- Performance prediction models
- Enhanced monitoring dashboards","- 3 Backend Developers
- 1 Machine Learning Engineer
- 1 Performance Specialist"
Scalability & Resilience,4-5 months,"- Auto-scaling implementation
- Fault tolerance
- Comprehensive testing
- Chaos engineering","- Kubernetes scaling configs
- Fault injection testing framework
- Comprehensive test suite
- Performance validation tools","- 4 Developers
- 1 Distributed Systems Expert
- 1 Performance Engineer
- 1 QA Specialist"
Final Validation,1-2 months,"- System integration
- Performance optimization
- Documentation
- Knowledge transfer","- Complete system documentation
- Performance benchmarks
- Production readiness report
- Training materials","- Entire Development Team
- External Performance Consultants"